-- MySQL dump 10.13  Distrib 8.0.44, for Win64 (x86_64)
--
-- Host: 127.0.0.1    Database: library
-- ------------------------------------------------------
-- Server version	8.0.44

/*!40101 SET @OLD_CHARACTER_SET_CLIENT=@@CHARACTER_SET_CLIENT */;
/*!40101 SET @OLD_CHARACTER_SET_RESULTS=@@CHARACTER_SET_RESULTS */;
/*!40101 SET @OLD_COLLATION_CONNECTION=@@COLLATION_CONNECTION */;
/*!50503 SET NAMES utf8mb4 */;
/*!40103 SET @OLD_TIME_ZONE=@@TIME_ZONE */;
/*!40103 SET TIME_ZONE='+00:00' */;
/*!40014 SET @OLD_UNIQUE_CHECKS=@@UNIQUE_CHECKS, UNIQUE_CHECKS=0 */;
/*!40014 SET @OLD_FOREIGN_KEY_CHECKS=@@FOREIGN_KEY_CHECKS, FOREIGN_KEY_CHECKS=0 */;
/*!40101 SET @OLD_SQL_MODE=@@SQL_MODE, SQL_MODE='NO_AUTO_VALUE_ON_ZERO' */;
/*!40111 SET @OLD_SQL_NOTES=@@SQL_NOTES, SQL_NOTES=0 */;

--
-- Table structure for table `authors`
--

DROP TABLE IF EXISTS `authors`;
/*!40101 SET @saved_cs_client     = @@character_set_client */;
/*!50503 SET character_set_client = utf8mb4 */;
CREATE TABLE `authors` (
  `id` int NOT NULL AUTO_INCREMENT,
  `name` varchar(255) NOT NULL,
  PRIMARY KEY (`id`),
  UNIQUE KEY `name` (`name`)
) ENGINE=InnoDB AUTO_INCREMENT=50 DEFAULT CHARSET=utf8mb4 COLLATE=utf8mb4_0900_ai_ci;
/*!40101 SET character_set_client = @saved_cs_client */;

--
-- Dumping data for table `authors`
--

/*!40000 ALTER TABLE `authors` DISABLE KEYS */;
INSERT INTO `authors` VALUES (1,'Адитья Бхаргава'),(36,'Анджей Сапковський'),(9,'Джефф Готельф'),(17,'Джоан Ролінг'),(11,'Джон П. Стрелеки'),(30,'Джон Р. Р. Толкін'),(35,'Джордж Орвелл'),(8,'Джош Сейден'),(6,'Елена Хобта'),(10,'Илларион Павлюк'),(12,'Ілларіон Павлюк'),(47,'Лю Цисінь'),(31,'Макс Кідрук'),(14,'Павло Дерев\'янко'),(24,'Роберт Ґалбрейт'),(2,'Роберт Мартин'),(29,'Сюзанна Коллінз'),(43,'Фредрік Бакман'),(3,'Элизабет Робсон'),(4,'Эрик Фримен');
/*!40000 ALTER TABLE `authors` ENABLE KEYS */;

--
-- Table structure for table `authors_books`
--

DROP TABLE IF EXISTS `authors_books`;
/*!40101 SET @saved_cs_client     = @@character_set_client */;
/*!50503 SET character_set_client = utf8mb4 */;
CREATE TABLE `authors_books` (
  `author_id` int NOT NULL,
  `book_id` int NOT NULL,
  PRIMARY KEY (`author_id`,`book_id`),
  KEY `book_id` (`book_id`),
  CONSTRAINT `authors_books_ibfk_1` FOREIGN KEY (`author_id`) REFERENCES `authors` (`id`) ON DELETE CASCADE,
  CONSTRAINT `authors_books_ibfk_2` FOREIGN KEY (`book_id`) REFERENCES `books` (`id`) ON DELETE CASCADE
) ENGINE=InnoDB DEFAULT CHARSET=utf8mb4 COLLATE=utf8mb4_0900_ai_ci;
/*!40101 SET character_set_client = @saved_cs_client */;

--
-- Dumping data for table `authors_books`
--

/*!40000 ALTER TABLE `authors_books` DISABLE KEYS */;
INSERT INTO `authors_books` VALUES (1,1),(2,2),(3,3),(4,3),(2,4),(6,5),(2,6),(8,7),(9,7),(10,8),(11,9),(12,10),(12,11),(14,12),(14,13),(14,14),(17,15),(17,16),(17,17),(17,18),(17,19),(17,20),(17,21),(24,22),(24,23),(24,24),(24,25),(24,26),(29,27),(30,28),(31,29),(12,30),(29,31),(29,32),(35,33),(36,34),(36,35),(36,36),(36,37),(36,38),(30,39),(30,40),(43,41),(30,42),(35,43),(31,44),(47,45),(47,46),(47,47);
/*!40000 ALTER TABLE `authors_books` ENABLE KEYS */;

--
-- Table structure for table `books`
--

DROP TABLE IF EXISTS `books`;
/*!40101 SET @saved_cs_client     = @@character_set_client */;
/*!50503 SET character_set_client = utf8mb4 */;
CREATE TABLE `books` (
  `id` int NOT NULL AUTO_INCREMENT,
  `title` varchar(255) NOT NULL,
  `published_year` int DEFAULT NULL,
  `pages_count` int DEFAULT NULL,
  `isbn` varchar(50) DEFAULT NULL,
  `img` varchar(255) DEFAULT NULL,
  `about` text,
  `views` int DEFAULT '0',
  `orders` int DEFAULT '0',
  `delete_at` timestamp NULL DEFAULT NULL,
  PRIMARY KEY (`id`)
) ENGINE=InnoDB AUTO_INCREMENT=48 DEFAULT CHARSET=utf8mb4 COLLATE=utf8mb4_0900_ai_ci;
/*!40101 SET character_set_client = @saved_cs_client */;

--
-- Dumping data for table `books`
--

/*!40000 ALTER TABLE `books` DISABLE KEYS */;
INSERT INTO `books` VALUES (1,'Грокаємо алгоритми. Ілюстрований посібник для програмістів і допитливих',2023,256,'978-617-8025-57-1','books-img/book-img1771698273247.png','Цю книжку написано так, щоб її було легко сприймати. Як тільки згадується новий концепт — я відразу пояснюю його або попереджаю, коли дам пояснення. Основні поняття підкріплено вправами, щоб читач завжди міг перевірити себе й упевнитися, що не втратив нитку оповіді.\r\n\r\nЯ наводжу багато прикладів. Моя ціль — спростити візуалізацію концептів, а не заплутати нагромадженням незрозумілих символів. Так, я візуал, і ця книжка просто переповнена малюнками. Зміст ретельно продумано. Усі алгоритми цієї книжки — практичні. Я вважаю їх корисними в моїй професії програмного інженера, і вони забезпечують хорошу основу для інших, складніших тем.',2,2,NULL),(2,'Чистий код. Створення і рефакторинг за допомогою Agile',2019,448,'978-617-09-5285-1','books-img/book-img1771699115103.jpg','Пособие можно условно разделить на три блока. Один из них охватывает принципы, шаблоны и практики написания чистого кода и рассматривает такие темы как комментарии, наименование, функции, объекты и структуры данных и т. д. Другой рассказывает о тематических исследованиях очистки кода: рефакторинг парсера аргументов командной строки, рефакторинг внутренних функций JUnit, рефакторинг класса SerialDate в библиотеке JCommon. Также здесь есть список эвристик и признаков проблем в коде, собранных во время создания тематических исследований.\r\n\r\n«Чистый код» Роберта Сесила Мартина уже считается классикой в своей области и является бестселлером Amazon в разделе «Дизайн и инженерия программного обеспечения». Автор пишет как опытный наставник. Его тон уверенный, почти отцовский. Мартин учит не только как писать код, но даже как правильно думать о нём. Он не просто даёт советы, а делится принципами и обоснованиями, основанными на десятилетиях опыта. Книга наполнена реальными примерами, чтобы продемонстрировать концепции автора. Он показывает версии «до» и «после», чтобы подчеркнуть, что делает код читаемым, удобным в поддержке и элегантным.\r\n\r\nАвтор настаивает на том, что разработчикам нужно читать много кода, чтобы овладеть своими навыками. Именно поэтому книга содержит раздел, состоящий из тематических исследований, которые также являются практическими упражнениями для читателей. Эти реальные примеры позволяют программистам лучше понять, о чём говорит автор и почему он рекомендует делать или избегать определённых вещей. Главной целью Мартина было научить специалистов определять плохой код и очищать его во время написания программы. Так что это пособие пригодится разработчикам, которые хотят улучшить свои навыки написания чистого кода и переосмыслить свой подход к программированию.',2,0,NULL),(3,'Книга Head First. HTML і CSS',2025,736,'978-617-522-197-6','books-img/book-img1771699255482.jpg','Інформація, яку ви знайдете в «Head First HTML і CSS»,— це той самий матеріал, яким користуються найкращі професіонали, до того ж викладений із гумором і в такій формі, що не припускає навіть думки, що хтось може не зрозуміти той чи інший складний аспект. Це найзахопливіша книжка про те, як створити по-справжньому бездоганну вебсторінку, і в ній є все, що вам потрібно знати про HTML і CSS,— у доступній формі і з великою кількістю прикладів, дотепних завдань та головоломок.\r\n\r\nЗавдяки візуально насиченому формату та використанню новітніх досліджень у галузі теорії навчання, читач отримає можливість створювати, підтримувати і розширювати власні сайти, аби вони бездоганно працювали на всіх сучасних браузерах і мобільних пристроях. Інакше кажучи, ця книжка завантажить HTML і CSS до вашого мозку — і вони залишаться там назавжди.',1,1,NULL),(4,'Чиста архітектура',2019,368,'978-617-09-5286-8','books-img/book-img1771699378530.jpg','Користуючись універсальними правилами архітектури програмного забезпечення, можна значно підвищити продуктивність праці розробників протягом усього життєвого циклу будь-якої програмної системи. Легендарний майстер програмного забезпечення Роберт К. Мартін («Дядечко Боб») розкриває ці правила у своїй книжці «Чиста архітектура» і допомагає їх застосувати.',1,1,NULL),(5,'Межі соцмережі. Медіаграмотність для дітей',2024,64,'978-617-00-4215-6','books-img/book-img1771699461933.jpg','Усі мешканці нашої планети живуть у світі інформації. Раніше ми отримували її з газет та журналів, а зараз — із соціальних мереж. Ми споживаємо інформацію та навіть створюємо її там. Що приховує цей цікавий однак небезпечний світ соціальних мереж? Як відрізнити правду від фейку? Як упоратися із залежністю від гаджетів? Про це та інше дізнаєтеся з пригод Марічки й Тарасика. Читаючи історії, які трапилися з цими невгамовними дітлахами, ви навчитеся обирати надійні джерела інформації, зрозумієте, як протидіяти фейкам, та дізнаєтесь, де саме межі соцмереж.\r\n\r\nРекомендовано для спільного читання дорослих із дітьми 6–10 років.',0,0,NULL),(6,'Чистий кодер',2023,256,'978-617-522-082-5','books-img/book-img1771699648085.jpg','Роберт Мартін, також відомий як Дядечко Боб,— знакова постать у світі розробки ПЗ, блискучий професіонал, міжнародний консультант, один із тих, хто створював 2001 року всесвітньо відомий Agile-маніфест. Кожна його наступна книжка — джерело безцінного досвіду.\r\n\r\nУ «Чистому кодері» автор викладає свої очікування від професійного розробника у всіх можливих аспектах: із погляду управлінських взаємодій, тайм-менеджменту, зовнішнього тиску, співпраці в команді та вибору відповідних інструментів. Не оминає він і питань трудової етики. Ви також ді­знаєтеся, що навіть гуру програмування далеко не завжди є професіоналами. Натомість Роберт Мартін пропонує читачеві шлях до справжнього розробницького професіоналізму — і робить це надзвичайно цікаво й дотепно.',0,0,NULL),(7,'Lean UX: Створення класних продуктів із командами Agile',2024,206,'978-617-8025-77-9','books-img/book-img1771702514336.jpg','«Минуло роки чотири з моменту, коли я вперше почав говорити й писати про нову концепцію, що називається Lean Startup, і менше ніж рік відтоді як я опублікував свою книжку Lean Startup: How Today’s Entrepreneurs Use Continuous Innovation to Achieve Radically Successful Businesses («Lean Startup: як нинішні підприємці використовують постійні інновації, щоби досягти радикально успішного бізнесу») (Crown Business). За цей час я бачив, як ці ідеї зростали й розповсюджувалися — від індустрії до індустрії, від сектора до сектора, від функції до функції. Щоразу коли ми відкривали незвідану землю, ми покладалися на далекоглядних лідерів, що допоможуть перекласти ключові принципи й розробити нові процеси для їх упровадження.\r\n\r\nLean UX — важливий крок у цій еволюції. Уперше у нас є зовнішній погляд на те, як принципи Lean Startup застосовуються в контексті дизайну. На цьому шляху книга знайомить нас із важливими новими інструментами й техніками, що дозволяють досягти ідеальної співпраці, швидкої готовності продуктів і — найважливіше — суттєво вищої якості». — Ерік Ріс, із Передмови.\r\n\r\n«Lean UX розбиває бар’єри, що відділяли дизайнерів програмного забезпечення від справжніх потреб бізнесу з одного боку та проблем власне впровадження — з іншого. Lean UX враховує не лише дизайнерів, він запрошує наших партнерів у бізнесі та технології працювати з нами над найкращим рішенням на цьому шляху. Колись у Джефа був великий клієнт зі сфери фармацевтики. Він найняв агентство, у якому працював Джеф, щоби змінити дизайн своєї платформи для онлайн-торгівлі. Метою було збільшити прибуток на 15 відсотків. Джеф був головним дизайнером взаємодії в команді. Члени команди на кілька місяців зачинилися в офісі й вивчали поточну систему, ланцюжок постачання, конкурентів, цільову аудиторію та сценарії контекстуального використання. Вони досліджували персон і збирали стратегічні моделі. Джеф створив нову інформаційну архітектуру для каталогу продукції та придумав абсолютно новий досвід купівель і платежів. Коли ці місяці минули й роботу було завершено, команда зібрала все в презентацію PowerPoint. Презентація була чималенька — як і належало, зважаючи на ціну 600 000 доларів! Команда приїхала до офісу клієнта і провела там повний восьмигодинний робочий день, пояснюючи кожен піксель та кожне слово у презентації. Коли вони завершили, клієнти вітали їх оплесками (їй-бо!). Джеф і його команда видихнули з полегшенням. Клієнту сподобалася їхня робота. І команда Джефа ніколи більше не відкривала цю презентацію. Через півроку після зустрічі з презентацією на сайті клієнта не змінилося нічого. Клієнт також ніколи більше не відкривав цю презентацію. Мораль цієї історії: створення вивірених до пікселя специфікацій може бути шляхом до отримання шестизначних сум за консультування, але не до суттєвого поліпшення реального продукту, критично важливого для реальних користувачів. Дизайнери теж не приходять у цей бізнес заради специфікацій. Ми хочемо створювати послуги й товари, що мають значення, а не писати папери». — Джеф Ґотельф і Джош Сейден, зі Вступу.',0,0,NULL),(8,'Книга Еміля',2025,784,'978-966-448-494-4','books-img/book-img1771702785413.jpg','Еміль не вміє спати. Взагалі. А його мама час від часу все забуває, не впізнає сина та не пам’ятає власного імені. Щоб їй допомогти, у Еміля є ритуал, якому треба слідувати до останнього слова.\r\n\r\nВдвох вони переїжджають туди, де їх ніхто не знає, — на засніжений острів, де доводиться жити у школі. І якось вночі у порожніх шкільних коридорах лунає дзвінок телефона. Еміль підіймає слухавку та впізнає голос брата, що помер кілька років тому: «Допоможи мені повернутися!».\r\n\r\nТа як повернути того, хто помер? Як не втратити себе у світах, де між можливим і неможливим — тонка межа, а кожна помилка може коштувати життя? Що насправді забула мама Еміля? І чи варто їй це нагадувати? \r\n\r\n«Книга Еміля» — новий роман Ілларіона Павлюка, автора бестселерів «Я бачу, вас цікавить пітьма», «Танець недоумка» та «Білий попіл».',0,0,'2026-02-21 19:42:52'),(9,'Кафе на краю світу',2019,128,'978-966-982-061-7','books-img/book-img1771702912963.jpg','Каждая страница этой истории побуждает задуматься о жизни вместе с главным героем. В какой-то момент Джон понимает: одного осознания цели недостаточно — «Если не быть в гармонии с тем, что хочешь делать, можно растрачивать энергию впустую. А когда появляется возможность делать то, что по-настоящему хочешь, может уже не остаться ни сил, ни времени». Поэтому книга призывает сосредоточиться на важном и прислушаться к внутреннему голосу.\r\n\r\nБестселлер «Кафе на краю мира» — первая часть серии Джона П. Стрелеки, которую дополняют ещё две истории об этом необычном месте. Книга вдохновлена личным опытом автора, который оставил стабильную работу бизнес-консультанта и вместе с женой отправился в большое путешествие. «Тот год изменил мою жизнь. Я увидел людей, животных, руины и культуры, о которых мечтал с детства. Я узнал о жизни, мире и себе больше, чем за все предыдущие годы. Главное — я впервые за долгое время почувствовал свободу», — вспоминал писатель. По возвращении он захотел поделиться этой мудростью, и сначала выпустил книгу самиздатом. Лишь после отклика читателей издание заметили крупные издательства.\r\n\r\n«Кафе на краю мира» — это мотивационная литература и психологическая самопомощь. Мечта автора сбылась — книга действительно изменила жизни многих. Она переведена на 41 язык и продана миллионными тиражами. Эту историю рекомендуют молодёжи и тем, кто находится на пути самопознания, ищет смысл жизни и хочет разобраться в своих желаниях и целях.',0,0,NULL),(10,'Я бачу, вас цікавить пітьма',2020,664,'978-617-679-832-3','books-img/book-img1771703039284.jpg','Чоловік намагається розібратися в темних куточках людської душі та світу навколо нього. Він стикається з байдужістю селян до зникнення дівчинки й діяльності жорстокого вбивці у них під носом. Крім цього, доводиться боротися з незрозумілими містичними силами, що протидіють розслідуванню. Справа виявляється заплутанішою, ніж можна було подумати, й навіть покинути село стає не так просто.\r\n\r\nПсихологічний трилер «Я бачу, вас цікавить пітьма» змішав детектив, містику й драму. У ньому можна побачити біблійні мотиви та відсилання до грецьких міфів й інших творів літератури й живопису. Автор використовує жанр лише як інструмент, завдяки якому досліджує темні глибини душі головного героя і не тільки його. Майстерно поєднуючи реальність і вигадку, Ілларіон створює напружену атмосферу, де важко зрозуміти, що є правдою, а що ні. Навіть дизайн обкладинки наче відображає вираз «Якщо ти довго вдивляєшся у прірву, то прірва починає вдивлятися в тебе», натякаючи на містичність подій, що чекають на читача.\r\n\r\nПисьменник порушує питання моралі, пошуку істини й відданості цьому шляху, боротьби з власними страхами й травмами й те, як вони впливають на нас. Це книга для шанувальників містичних детективів, напружених трилерів, історій, сповнених психологічного напруження, і тих, хто готовий таки подивитися у прірву.',0,0,NULL),(11,'Книга Еміля',2025,784,'978-966-448-494-4','books-img/book-img1771703099385.jpg','Еміль не вміє спати. Взагалі. А його мама час від часу все забуває, не впізнає сина та не пам’ятає власного імені. Щоб їй допомогти, у Еміля є ритуал, якому треба слідувати до останнього слова.\r\n\r\nВдвох вони переїжджають туди, де їх ніхто не знає, — на засніжений острів, де доводиться жити у школі. І якось вночі у порожніх шкільних коридорах лунає дзвінок телефона. Еміль підіймає слухавку та впізнає голос брата, що помер кілька років тому: «Допоможи мені повернутися!».\r\n\r\nТа як повернути того, хто помер? Як не втратити себе у світах, де між можливим і неможливим — тонка межа, а кожна помилка може коштувати життя? Що насправді забула мама Еміля? І чи варто їй це нагадувати? \r\n\r\n«Книга Еміля» — новий роман Ілларіона Павлюка, автора бестселерів «Я бачу, вас цікавить пітьма», «Танець недоумка» та «Білий попіл».',0,0,NULL),(12,'Аркан вовків. Книга 1',2025,520,'978-966-448-451-7','books-img/book-img1771704019517.jpg','На хлопця чекають випробовування, де він зустрінеться із магічними істотами, ворогами, реальним і потойбічним світами та внутрішніми звірами й сумнівами, адже його здібність перетворення може бути як перевагою, так і перешкодою. До того ж обітниця, скріплена кривавою печаттю, має свою ціну, й не кожному до снаги її сплатити.\r\n\r\nРоман «Аркан вовків» є першою частиною трилогії темного українського фентезі «Літопис Сірого Ордену» Павла Дерев’янка. Автор вплітає у сюжет українську міфологію з відьомськими обрядами, святкуваннями Купала, ініціаціями, язичницькими елементами, уявленнями про потойбіччя, ретельно розбудовуючи свій світ. Серйозність прози розбавляється гумором і добірною лайкою, яка, проте, не перетинає межі цензури. Детальні описи битв створюють відчуття реалістичності, що ще більше занурює у вигаданий світ. Головні персонажі мають свої унікальні характери, думки й мотивації, що робить їх цікавою частиною історії. Автор вміло розставляє протягом сюжету зачіпки, які потім відіграють важливу роль.\r\n\r\nУ книзі Павло зосереджується на темі вибору й внутрішній боротьбі, в якій сходяться людина та звір. Також письменник торкається питань дорослішання й формування особистості, адже Северин постає не як могутній герой, а той, хто лише на шляху до цього звання. Під час своєї подорожі йому, як й іншим персонажам, доводиться усвідомити й переглянути багато речей у житті. Дружба теж є важливою темою у творі, адже саме зв\'язок побратимів може стати саме тою силою, яка врятує у безвихідній ситуації. Також у романі автор досліджує перше кохання і його складнощі. Книга сподобається шанувальникам жанру й тим, хто любить історії, в яких розкривається український фольклор, давні вірування й ритуали.',0,0,NULL),(13,'Тенета війни. Книга 2',2025,536,'978-966-448-452-4','books-img/book-img1771704151754.jpg','Одна війна минула, але вже гуляють чутки про нову, а зовнішній ворог могутнішає. Світ тепер сповнений інтриг, політики, таємних домовленостей, підступів, підлості й змов. На героїв чекають нові випробування, боротьба за країну та любовні переживання. Але, попри складнощі, втрати й занепад, лицарі Сірого Ордену міцно стоять на варті справедливості та не планують здаватися.\r\n\r\n«Тенета війни» є другою частиною трилогії темного фентезі «Літопис Сірого Ордену» Павла Дерев’янка. У цій книзі атмосфера стає похмурішою і драматичнішою. Водночас автор пише легко, розбавляючи текст гумором. У його світі поряд зі звичайним людьми існує магія, потойбіччя, міфічні створіння і навіть стімпанк. На вулицях міст, в полях і лісах можна знайти чумаків, кобзарів, мавок, русалок, домовиків, польовиків і чугайстрів та інших незвичних істот. Ця частина відрізняється від попередньої тим, що головних героїв стає більше. Автор зображує не тільки їхні світлі сторони, а й додає темні риси, що робить персонажів реалістичними. У флешбеках він показує минулу війну, що дає більше розуміння про становлення особистостей героїв.\r\n\r\nОднією із тем, розкритих у книзі, є наслідки війни, й зміни, які вона вносить у життя людей, особливо, воїнів, що часто залишаються наодинці зі своїми болями й переживаннями. Герої вирушили на війну ще зовсім юними, проте повернулися з неї дорослими не на свій вік. Також цей роман говорить про мужність, стійкість і вірність своїй справі й принципам, адже, навіть попри складнощі й перепони, персонажі залишаються на посту й не бояться кидати виклик ворогам. Це показує, що іноді мотивація важливіша за кількість сили. Загалом, ця частина доволі відірвана від попередньої, її можна читати й окремо, проте для кращого розуміння світоустрою та передісторії персонажів краще спочатку прочитати першу книгу. Роман сподобається поціновувачам незвичного темного фентезі в сетингу доби козацтва, з драматичними й похмурими подіями, додаванням українського фольклору та колоритними героями.',0,0,NULL),(14,'Літопис Сірого Ордену. Книга 3. Пісня дібров',2025,752,'978-966-448-453-1','books-img/book-img1771704245136.jpg','Жодна казка, почута в дитинстві, не попереджала, що насправді чигатиме на вовчій стежці Северина та його побратимів — через що мають пройти, коли вже стільки всього пережили і втратили.\r\n\r\nУ заключній частині трилогії готуйтеся дізнатися справжню історію Сірого Ордену. У ній так багато нового про братів, що шукали безсмертя; джурів, які зрадили Мамаєву волю; про месника, що спричинив Вовчу війну… про відважних людей, добровільно пролиту кров, важкий вибір та гідність його нести, щоб врешті звільнити світ від прокляття характерників. Адже на місці старого неодмінно виростає щось нове — животворне й цілюще. Якщо прислухатися, то можна почути Пісню нових дібров, з усім багатоголоссям: того, хто поклав своє життя, щоб стати вільним, і того, хто не зрадив своєї присяги, і того, хто своїм життям змінив цілий світ.',1,0,NULL),(15,'Гаррі Поттер і філософський камінь',2017,320,'978-966-7047-39-9','books-img/book-img1771704384799.jpg','Анотація «Гаррі Поттер і філософський камінь», Джоан Ролінґ\r\nГаррі Поттер — сирота й живе із Дурслями, своїми дядьком, тіткою і двоюрідним братом. Родичі ненавидять племінника й роблять перебування у їхньому дому максимально нестерпним. Проте на одинадцятий день народження хлопчика стається дивовижа — він зустрічається із Геґрідом, який розповідає Гаррі, що той є чарівником. Новий друг передає Поттеру листа-запрошення до школи магії Гоґвортс. З цього моменту життя хлопчика наповнюється чарівними речами. Він зустрічає справжніх друзів і опиняється у місці, яке відчуває домом. Проте скоро Гаррі розкриває страшну правду про смерть своїх батьків і походження шраму на своєму чолі. Він дізнається про загрозу, що нависла над чарівним світом. Але хлопчик із друзями сповнені рішучості боротися і не дати злу зруйнувати все, що вони люблять.\r\n\r\nПро книгу «Гаррі Поттер і філософський камінь»\r\nГаррі починає свій шлях як чарівник. Він виявляється справжньою знаменитістю у світі магії. Проте вся ця увага зовсім його не цікавлять, хоч недоброзичливці стверджують зворотне. Хлопчик намагається впоратися зі своїми несподіваними здібностями, славою і перемогти зло, що зачаїлося в Гоґвортсі. В цьому йому допомагають друзі Рон і Герміона. Разом вони хочуть перешкодити темному чарівнику Волдеморту, заклятому ворогу Гаррі, відродитися. Він може зробити це за допомогою Філософського каменю, тож трійця друзів збирається будь-що перешкодити йому зробити це.\r\n\r\n«Гаррі Поттер і філософський камінь» є першою частиною відомої серії фентезі історій від Джоан Ролінґ. Під час написання авторка не могла собі дозволити навіть опалення у квартирі, тому працювала у кафе. Проте численні нагороди й мільйони фанатів по всьому світу виправдали всі зусилля. Розповідь про хлопчика, що вижив, переклали на 80 мов, вона поклала початок фільмам, виставам, концертам. Її люблять не тільки діти, а й дорослі, адже всім хочеться додати трішки магії у житті звичайних маґлів. Письменниця створила детальний світ з різноманітними істотами європейської міфології, як от фенікс, триголовий пес, троль, єдиноріг, кентаври тощо. Продуманість навчального процесу, заклинань, магічних правил додала твору реалістичності.\r\n\r\nІсторія зосереджується на темах сім’ї та дружби. Вона показує, що всім необхідна любов і підтримка, і що близьких можна знайти, навіть якщо ви й не однієї крові. Також чільне місце в оповіді займає боротьба за добро й жертовність. Крім цього, авторка розкриває питання власної ідентичності й булінгу через глузування Драко над тими, кого він вважає нижчими за себе. Яскрава й детальна обкладинка традиційного видання навіває ностальгію для тих, хто вже знайомий зі світом Гаррі Поттера, або ж стає початком занурення, хто тільки знайомиться з цією історією. Ця книга потішить шанувальників фентезі з тропами «Обраний», «Шлях героя», «Послідовне навчання», «Магічна школа», «Тріо друзів».',0,0,NULL),(16,'Гаррі Поттер і в’язень Азкабану',2017,384,'978-966-7047-36-8','books-img/book-img1771704506818.jpg','Написана Джоан Роулінг книга «Гаррі Поттер і в\'язень Азкабану» - третя книга про пригоди Хлопчика-зі-шрамом, яка підкорила цілий світ!\r\n\r\nГаррі Поттер - незвичайний хлопчик. Він дуже не любить літні канікули, адже цей час він проводить в будинку своїх дядька й тітки Дурслі. А вони терпіти не можуть чарівників.\r\n\r\nОдного разу, втікши від ненависних родичів, Гаррі підбирає автобус «Нічний Лицар», який везе його прямісінько до рятівного магічного світу. Але тепер він не такий безпечний як раніше. Через дванадцять довгих років на свободу вибрався найнебезпечніший злочинець в\'язниці Азкабан і спадкоємець самого Волан-де-Морта - Сіріус Блек! Кажуть, ніби це він зрадив Джеймса та Лілі Поттер, а тепер шукає самого Гаррі щоб закінчити почате Темним Лордом.\r\n\r\nДля охорони Гоґвортсу були покликані жахливі дементори - вартові Азкабану. Але чи зможуть вони захистити учнів? Адже є зрадник, який готовий відкрити шлях злочинцеві ...\r\n\r\nУ 3 книзі Гаррі Поттеру і його друзям, Рону і Герміоні, доведеться знову зіткнутися зі злими чарами і розкрити старі секрети.\r\n\r\nДля молодих українських чарівників видавництво «А-БА-БА-ГА-ЛА-МА-ГА» підготувало книгу «Гаррі Поттер і в\'язень Азкабану» українською мовою.\r\n\r\nПоспішайте купити книгу «Гаррі Поттер і в\'язень Азкабану» щоб повернутися до Школи Чарів та Чаклунства! Ви побуваєте на уроках по догляду за магічними істотами, таємно відвідаєте село Хогсміт, познайомитеся з найкращим викладачем із захисту від темних мистецтв і навіть повернетеся у минуле.',0,0,NULL),(17,'Гаррі Поттер і таємна кімната',2017,352,'978-966-7047-34-4','books-img/book-img1771704575091.jpg','Друга частина пригод Гаррі Поттера від Джоан Роулінг — книга «Гаррі Поттер і таємна кімната»!\r\n\r\nНа вас чекають нові пригоди у світі чарівників, де старі секрети, літаючі автомобілі, грізна верба, дивний щоденник та небезпечні улюбленці Хегріда оживають на сторінках книги!\r\n\r\nЮному чарівникові не пощастило з канікулами на Привіт-драйв у сім\'ї Дурслів. Він потайки мріє повернутися до чарівного світу, проте від його друзів усе літо не було звістки і здається, що цілий світ проти його повернення... Цілий світ чи маленький ельф на ім\'я Доббі, який хоче захистити його від смертельної небезпеки. Та цього хлопця не так просто налякати, особливо коли доводиться обирати між навчанням у чарівній школі та життям з родичами.\r\n\r\nУ надійних стінах Школи Чарів та Чаклунства почали коятися страшні речі. І знову Гаррі та його друзі в епіцентрі подій! Що це — прикрий збіг обставин або чийсь хитрий план? Що ховається у загадковій секретній кімнаті Гоґвортсу? Та як до цього може бути причетний Волдеморт?..\r\n\r\nКнига «Гаррі Поттер і таємна кімната» українською мовою традиційно вийшла у видавництві «А-БА-БА-ГА-ЛА-МА-ГА» з перекладом легендарного Віктора Морозова.\r\n\r\nЯкщо ви вже встигли познайомитися з першою частиною пригод Хлопчика-зі-шрамом і ваше серце прагне продовження — ласкаво просимо до лав поттероманів! Залишається тільки купити книгу «Гаррі Поттер і таємна кімната» — і двері до світу магії для вас стане відкритим.',0,0,NULL),(18,'Гаррі Поттер і келих вогню',2017,670,'978-966-7047-40-5','books-img/book-img1771704861235.jpg','Анотація «Гаррі Поттер і Келих Вогню», Джоан Роулінг\r\nГаррі починає бачити моторошні чи то сни, чи то видіння, які не віщують нічого доброго. Проте хлопець намагається не звертати уваги на них. Він з нетерпіння чекає на зустріч із друзями та початок нового навчального року у Гоґвортсі. Перед цим Поттер разом із Герміоною та сім’єю Візлі вирушають на фінал Кубка світу із квідичу. Але радісну подію псують вороги, нагадуючи, що зло не спить, і поплічники Темного Лорда працюють над його відновленням. Повернувшись у школу магії, Гаррі з друзями дізнаються, що цього року у Гоґвортсі відбудеться Тричаклунський турнір — видовищне змагання між найкращими чаклунами трьох європейських магічних шкіл, яке відновили після довгої заборони. Вік учасників має бути вище сімнадцяти, тож трійці друзів немає на що сподіватися, лише спостерігати за небезпечними випробуваннями.\r\n\r\nПро книгу «Гаррі Поттер і Келих Вогню»\r\nТурнір був заборонений недарма, адже іспити, які мають скласти учасники, несуть велику загрозу життю. Під час відбору кандидатів на участь у змаганнях стається дещо дивне — Келих Вогню видає ім’я, яке аж ніяк не мав би видати. Поттер із друзями розуміють, що тепер Гаррі у небезпеці. Їм знову доведеться розгадувати таємниці, проте з деяким з них хлопцю доведеться лишитися віч-на-віч, й тільки кмітливість і спостережливість допоможуть вийти із несподіваної пастки.\r\n\r\n«Гаррі Поттер і Келих Вогню» є четвертою частиною легендарної фентезі серії Джоан Ролінґ. Магічний світ у цій книзі значно розширюється, виходячи за межі Гоґвортсу, що додає ще більшої правдоподібності вигаданій реальності. З’являються нові місця, традиції та персонажі з інших країн. Авторка залишає підказки по всій книзі, які натякають на майбутні події, що створює напруженість і спонукає читачів звертати увагу на деталі. Ця книга знаменує перехід до серйознішого й драматичнішого тону, адже ставки зростають і боротьба зі злом виходить на небезпечніший рівень.\r\n\r\nКрім вже звичних тем дорослішання, пошуку себе й важливості дружби, авторка торкається питання вибору і його наслідків. Книга показує, що людину часто визначають її рішення, і навіть найменші буває мають визначальний вплив. Іноді навіть правильні дії можуть призвести до поганих наслідків, тому потрібно вчитися жити із цим. Цього разу Гаррі доводиться робити багато складних виборів і проявляти мужність, навіть коли це важко чи страшно. Історія сподобається фанатам серії про хлопчика, що вижив, і поціновувачам підліткового фентезі зі шкільною атмосферою, темами дорослішання та боротьби добра проти зла.',0,0,NULL),(19,'Гаррі Поттер i Орден Фенікса',2017,816,'978-966-7047-42-9','books-img/book-img1771704985767.jpg','Анотація «Гаррі Поттер i Орден Фенікса», Джоан Роулінг\r\nГаррі, як завжди, нетерпляче очікує закінчення літніх канікул, щоб втекти зі звичайного світу у чарівний. Проте цього разу магія знаходить Поттера серед людей — на нього та його двоюрідного брата Дадлі тихого спекотного вечора посеред Тисової вулиці нападають дементори, які невідь як там з’явилися. Щоб врятувати себе та родича, Гаррі доводиться викликати патронуса, й тепер хлопцю загрожує виключення з Гоґвортсу за використання магії у людському світі. Проте це найменш неприємна новина, адже, опинившись у лігві Ордена Фенікса, де зібралися супротивники Волдеморта, Поттер дізнається, що Темний Лорд збирає армію та розшукує якусь таємничу й надпотужну зброю, яка поверне йому минулу велич. Тож Гаррі разом зі спільниками доведеться зробити все, аби цього не сталося.\r\n\r\nПро книгу «Гаррі Поттер i Орден Фенікса»\r\nУ школі все теж йде не найкращим чином — нова викладачка захисту від темних мистецтв, Долорес Амбридж, не тільки не вчить практики, а й шпигує та жорстоко карає учнів за найменший непослух. До того ж Гаррі продовжують тривожити загадкові видіння про Волдеморта. Але друзі не збираються здаватися. Вони об’єднують навколо себе однодумців і готуються протистояти злу, навіть, якщо їм це забороняють. \r\n\r\n«Гаррі Поттер i Орден Фенікса» — це п’ята частина відомої серії фентезійних книг, написаних Джоан Ролінґ. Авторка додає світові нових шарів, включаючи більше правил і політики магічних організацій. Письменниця створює повільний саспенс, змушуючи читачів здогадуватися про можливі розгадки. Яскраві описи та використання сенсорних деталей робить чарівну реальність живішою. Джоан тримає темп оповіді, врівноважуючи моменти швидкої дії з повільнішими сценами із роздумами та рефлексією. Розділи часто закінчуються напруженими моментами, спонукаючи гортати сторінку за сторінкою.\r\n\r\nРолінґ продовжує поступове збільшення ставок і занурення у похмуріші тони й теми. Історія пірнає у внутрішню боротьбу головного героя, включаючи розчарування, злість і відчуття нерозуміння іншими. Це створює реалістичний портрет дорослішання підлітка. У цій книзі персонажі все більше стикаються із важкими емоціями та втратами, адже боротьба з могутнім злом вимагає жертв. Тож героям доводиться ухвалювати складні рішення і вчитися переживати горе. Книга припаде до душі фанатам серії та шанувальникам магічних історій з темами дорослішання, справедливості, дружби та боротьби добра проти зла.',1,0,NULL),(20,'Гаррі Поттер і Напівкровний Принц',2017,576,'','books-img/book-img1771705062042.jpg','Пропонуємо вашій увазі шосту книгу про Гаррі Поттера - «Гаррі Поттер і Напівкровний Принц»!\r\n\r\nПісля подій у Відділі таємниць, у Міністерства магії не залишилося сумнівів - Темний Лорд повернувся. Тепер він діє відкрито, викрадаючи чарівників і учиняючи терор по всій Британії.\r\n\r\nУчні Школи Чарів та Чаклунства продовжують вчитися, дружити і закохуватися, але більше не відчувають себе в безпеці, як раніше. Альбус Дамблдор разом з Гаррі намагаються розгадати загадку горокраксів, в яких Волан-де-Морт помістив душу. Для цього директор запрошує на посаду вчителя зіллєваріння старого знайомого - професора Слізнорта, який розповів юному Тому Реддлу про страшний ритуал. Завдяки дивному підручнику якогось Напівкровного Принца, він стає кращим учнем і втирається в довіру вчителю.\r\n\r\nУ книзі «Гаррі Поттер і Напівкровний Принц» Джоан Роулінг занурює читачів у похмуру атмосферу очікування небезпеки. Тепер темна магія - не рідкість на сторінках роману, і героям доведеться їй протистояти.\r\n\r\nХто завгодно може виявитися зрадником. Темрява згущується над Гоґвортсом і наближається битва. Чи встигнуть наші герої зупинити вторгнення смертежерів?\r\n\r\nЯкщо ви пильно стежили за сюжетом попередніх частин про Хлопчика-який-вижив, тоді час купити книгу «Гаррі Поттер і Напівкровний Принц» - 6-у книгу про пригоди Гаррі Поттера і його друзів.',0,0,NULL),(21,'Гаррі Поттер і Смертельні реліквії',2017,640,'978-966-7047-70-2','books-img/book-img1771705293567.jpg','Анотація «Гаррі Поттер і Смертельні реліквії», Джоан Роулінг\r\nГаррі вже давно забув, що таке дитинство, безпека й радість. Чарівний світ, який він так полюбив, перетворився на темряву й смерть, яка чатує на кожному кроці. Шалені ігри у квідич, магічні уроки, мудрі наставники, веселощі з друзями залишилися позаду. Залишилися лише боротьба, пророцтво й неминуча доля. А ще самотність, яка вгризається у Гаррі все більше — здається, у цьому світі вже не лишилося сил, щоб протистояти могутньому злу, і навіть ті, хто вважався чистим добром, мають темні секрети. Проте Поттер вірний своїй меті, попри сум і біль, що заполонили його серце. Кожна нова розгадка й перемога неминуче ведуть до останньої битви. Невідомо, чи вдасться її виграти, і яку ціну доведеться заплатити, щоб не дати злу взяти верх.\r\n\r\nПро книгу «Гаррі Поттер і Смертельні реліквії»\r\nПодорож у пошуках горокраксів, що залишилися, приводять Гаррі, Рона та Герміону у небезпечні місця. Ще й смертежери постійно наступають їм на п’яти, намагаючись впіймати втікачів і отримати за них нагороду й вдячність Темного Лорда. Проте, крім зовнішніх складнощів, на героїв чекають і внутрішні демони та непорозуміння всередині команди. Їм доведеться докласти усіх зусиль, щоб не дати негараздам і похмурим думкам вплинути на їхню дружбу.\r\n\r\n«Гаррі Поттер і Смертельні реліквії» є завершальним романом знаменитої фентезійної серії Джоан Ролінґ. Авторка продовжує занурюватися у темні тони, відображаючи реальність і передвоєнний настрій. Оповідь чергує екшн-сцени з високими ставками та тихі емоційні моменти, в яких герої досліджують минуле, свої думки та емоції. У цій книзі всі нитки з підказками сплітаються в цілісну картину, розкриваючи важливість багатьох речей. Ролінґ вплітає артурівські, християнські та класичні міфічні елементи, додаючи останніх штрихів своєму всесвіту.\r\n\r\nКнига закріплює тему любові, яка стає найбільшим джерелом сили для тих, хто стоїть на стороні добра. Також велика увага приділяється стійкості й вірності своїм принципам, навіть у найтемніші часи, навіть, якщо доводиться йти на найвищі жертви. Авторка підкреслює — вибір, який роблять люди, навіть незначний, розкриває те, ким вони є насправді, і формує світ навколо них. Дитяча історія перетворюється на дорослу, де герої стикаються із втратами, горем, болем, розмірковують про смерть й відвагу, приймають жертовні й мудрі рішення. Книга зацікавить читачів, хто хоче дізнатися, чим завершилися пригоди хлопчика, який вижив, і тих, хто любить підліткові магічні історії із глибоким розвитком персонажів, символізмом, міфологією та важливими темами.',0,0,NULL),(22,'Людина з клеймом. Книга 8',2025,920,'978-966-948-960-9','books-img/book-img1771705438573.jpg','У сховищі магазину срібла знаходять розчленований труп. Поліція спочатку вважає, що це труп засудженого озброєного грабіжника, але не всі погоджуються з цією версією. Одна з них - Децима Маллінз - звертається по допомогу до приватного детектива Корморана Страйка, оскільки впевнена, що тіло у срібному сховищі належить її коханому - батькові її новонародженої дитини, який раптово і загадково зник.\r\n\r\nЧим більше Страйк та його бізнес-партнер Робін Еллакотт заглиблюються у цю справу, тим заплутанішою вона стає. Срібна крамниця не є звичайною: вона розташована поруч із Залою масонів, і спеціалізується на масонських виробах зі срібла. І окрім озброєного грабіжника та хлопця Децими, з\'ясовується, що є й інші зниклі чоловіки, які могли б відповідати опису тіла у сховищі. Справа стає складнішою і небезпечнішою, а Страйк стикається з ще однією проблемою: Робін, здається, дедалі більше віддана своєму хлопцеві, поліцейському Раяну Мерфі, проте імпульс заявити про власні почуття до неї стає сильнішим, ніж будь-коли.\r\n\r\nЗахопливий, напрочуд складний роман, який виводить історію Страйка та Робін на новий рівень, \"Людина з клеймом\", є обов\'язковим до прочитання для кожного шанувальника цієї унікальної серії.',0,0,NULL),(23,'Стрімка могила',2024,950,'978-966-948-859-6','books-img/book-img1771705565189.jpg','До приватного детектива Корморана Страйка звертається стривожений батько, чий син Вілл утік до релігійної секти в далекому закутку Норфолку.\r\nУніверсальна гуманітарна церква на перший погляд здається мирною організацією, яка бореться за кращий світ. Однак Страйк дізнається, що цей фасад приховує зловісні явища та незрозумілі смерті. Щоб витягнути Вілла, Страйкова партнерка за детективною агенцією Робін Еллакотт вирішує проникнути всередину секти та їде до Норфолку, щоб невпізнаною оселитися серед сектантів. Але вона гадки не має про те, які небезпеки чекатимуть на неї серед них і яку високу ціну доведеться заплатити...\r\n\r\nНадзвичайно захопливий роман «Стрімка могила» оповідає новий епізод з історії Страйка та Робін в епічній та незабутній сьомій частині серії.',1,0,NULL),(24,'Чорнильно-чорне серце',2023,800,'',NULL,'',0,0,'2026-02-21 20:27:18'),(25,'Чорнильно-чорне серце',2023,800,'978-966-948-782-7','books-img/book-img1771705685625.jpg','Коли до офісу детективів приходить перелякана Еді Ледвелл, благаючи про розмову з Робін Еллакотт, приватна розслідувачка не знає, що й думати. Еді, співавторку популярного коміксу «Чорнильно-чорне серце», переслідує таємнича особа з інтернету, що називає себе Аномія. Еді конче треба дізнатися, хто ця людина. Робін вирішує, що у такій справі агенція допомогти не може — і більше не згадує про цей випадок, аж поки за кілька днів не надходить шокуюча новина: Еді викрали, використавши шокер, та вбили на Гайґейтському цвинтарі, де відбуваються події «Чорнильно-чорного серця». Робін та її напарник Корморан Страйк розпочинають квест, намагаючись встановити особу Аномії, і вступають до лабіринту онлайнових псевдонімів, ділових інтересів та сімейних конфліктів, у якому годі розібратися. Ця справа змусить Страйка та Робін вичерпати власні детективні таланти до самісінького дна — а ще піддасть їх новим жахливим загрозам…',0,0,NULL),(26,'Шовкопряд',2019,544,'978-966-948-298-3','books-img/book-img1771705755787.jpg','Корморан Страйк розслідує нову справу — зникнення письменника Оуена Квайна. Його дружина вважає — чоловік просто втік, щоб побути на самоті, й просить Страйка розшукати його і повернути додому. Але Страйк, почавши розслідування, розуміє, що зі зникненням Квайна не все так просто. Письменник щойно дописав сатиричний роман, у якому в непривабливому світлі вивів практично всіх своїх знайомих. Якщо такий твір опублікувати, він зруйнує багато життів, отож чимало людей хотіло б заткати Квайнові рота. Невже хтось таки на це наважився?...\r\n\r\n«Шовкопряд» — другий роман зі знаменитої серії детективів про відставного військового слідчого Корморана Страйка і його кмітливу помічницю Робін.',0,0,NULL),(27,'Голодні ігри. Книга 1. Голодні ігри',2024,352,'978-617-548-225-4','books-img/book-img1771705848177.jpg','На руїнах місця, що колись називалося Північною Америкою, лежить країна Панем, осяйний Капітолій, оточений дванадцятьма віддаленими Округами. Капітолій тримає Округи в покорі, змушуючи їх обирати трибутів — по одному хлопцю та одній дівчині віком від дванадцяти до вісімнадцяти років — для участі у щорічних Голодних іграх. Усіх їх відправляють до Капітолію на величезну відкриту арену, де вони битимуться на смерть на втіху всьому Панему, а також задля добробуту та слави округу-переможця.\r\n\r\nШістнадцятирічна Катніс Евердін сприймає це як смертний вирок, тому викликається добровольцем від Округу 12, щоб заступити місце своєї молодшої сестри на Іграх. Катніс вже опинялася на волосину від смерті, тож виживання для неї є звичною справою. Щоб сім’я не голодувала, Катніс займається браконьєрством, на чорному ринку обмінює здобич на їжу і предмети  першої необхідності. Другим трибутом  від Округу 12 обрано Піту Меларка, який свого часу врятував Катніс і її родину від голодної смерті. Катніс впевнена, що ніколи не зможе віддячити Піті, а зараз і поготів, адже їй доведеться битися з ним на смерть! Проте, якщо вона хоче перемогти, їй доведеться постати перед вибором, у якому виживання протистоїть людяності, а життя — коханню.',0,0,NULL),(28,'Володар перснів. Частина перша. Братство персня',2020,704,'978-617-664-207-7','books-img/book-img1771705934777.jpg','Трилогія «Володар перснів» поклала початок жанру епічного фентезі. З моменту своєї першої публікації в п\'ятдесятих роках двадцятого століття і до сьогоднішнього часу, трилогія значитися в списку кращих книг минулого століття та однією з найбільш популярних і продаваних у світі.\r\n\r\nДія роману відбувається в Середзем\'ї, світі, який населяють ельфи, гноми, чарівники, люди та багато хто ще. Але є серед них непримітний народець гобіти, що ведуть тихе і відокремлене життя, і ніяк не беруть участь в історії Середзем\'я. За винятком старого Більбо Торбина, який під час своїх пригод випадково здобув магічний перстень, який залишає в спадок своєму племінникові Фродо.\r\n\r\nЗгодом з\'ясовується, що це не просто магічний перстень, а Перстень Влади, який жадає отримати Темний Володар. Як тільки він його отримає, то зможе поневолити та знищити Середзем\'я і всіх його мешканців. Так на тендітні плечі гобіта Фродо, а також його вірних супутників, лягає тягар знищити Перстень Влади. Зробити це можна тільки в одному місці — в надрах Судної Гори, в місці де мешкає сам Темний Володар.',0,0,NULL),(29,'Не озирайся і мовчи',2017,512,'9786171240766','books-img/book-img1771706066128.jpg','Уявіть, що на Землі існує місце, яке ніби застигло в часі. Місце, здатне сховати будь-кого, хто прагне втекти від реальності. Уявіть, що для того, аби туди потрапити, достатньо не озиратися й мовчати. Є лише одна проблема: в такому місці часом з’являються речі, страшніші за те, від чого ховаєшся.\r\n\r\nЖиття сім’ї Грозанів раптово змінюється. Вони переїжджають до нового будинку, і чотирнадцятирічний Марк змушений піти до нової школи. Хлопець начитаний, розумний, але дуже сором’язливий — ідеальний об’єкт для цькування. Щодень більше замикаючись в собі, він мріє про світ, де немає знущань і безпричинної жорстокості. Одного дня Марк знайомиться із Сонею, дівчиною з паралельного класу, яка розповідає йому про існування такого світу і про можливість туди потрапити… просто скориставшись ліфтом у їхньому будинку. Хлопець не розуміє, навіщо Соня вигадує нісенітниці, які легко спростувати, але зрештою вирушає за нею. Він не підозрює, що звичайна мандрівка на десятий поверх загрожує чимось набагато гіршим за руйнування уявлень про реальний світ.',0,0,NULL),(30,'Танець недоумка',2019,680,'978-617-679-720-3','books-img/book-img1771706158789.jpg','Гіль Гіршевич, космічний біолог, намагається знайти роботу, але потенційні працедавці вважають, що у нього можуть бути психологічні проблеми через військове минуле, тому постійно відмовляють. До того ж у чоловіка прогресує рідкісна спадкова генетична хвороба, що загрожує знищити його розум. Все це впливає на стосунки із дружиною Вірою та дочкою Ельзою. Тому, коли Гіль отримує несподівану пропозицію вирушити із родиною колонізувати планету Іш-Чель, він погоджується. Стабільна заробітна плата, медичне страхування та відсутність ризиків роблять цей варіант ідеальним. Після прибуття чоловік долучається до збору особливого пилку, що лікує хвороби та травми. Проте скоро обставини змушують Гіля замислитися, що насправді тут відбувається, й чи дійсно ця планета й місія такі безпечні, як йому казали.',1,0,NULL),(31,'Голодні ігри. Книга 2. Полум’я займається',2024,368,'978-617-548-232-2','books-img/book-img1771706237357.jpg','Здолавши жаскі випробування, Катніс Евердін перемогла у щорічних Голодних іграх разом із трибутом-супутником, Пітою Меларком. Напевне, Катніс і Піта, мають почуватися цілком щасливими, адже вони забезпечили собі та своїм сім’ям безбідне життя в комфортних умовах. Втім, спосіб, у який було здобуто перемогу, по суті, став бунтом проти жорстоких правил Капітолію, і цю непокору владі побачив весь Панем. Округами починають ширитися чутки про підготовку до заворушень. Своїм зухвалим вчинком, Катніс розпалила полум’я повстання, що вже не загасити. Тож тепер Капітолій не просто розлючений, він прагне помсти...',0,0,NULL),(32,'Голодні ігри. Книга 3. Переспівниця',2024,384,'978-617-548-316-9','books-img/book-img1771706326455.jpg','Катніс Евердін — дівчина, яка палає, — вижила у моторошній Почвертві Приборкання. Прийшовши до тями вона дізнається, що її рідний Округ зруйновано, Ґейлу і її сім’ї пощастило врятуватися, проте Піту схопили і тримають у Капітолії. Округ 13 існує, ба більше, він очолив повстання і планує повалити Капітолій. Здається, до ретельно розроблених планів доклали руку всі — крім Катніс. А втім, успіх повстання залежить від її готовності стати символом, взяти на себе відповідальність за незліченну кількість жертв і змінити історію майбутнього Панему.',0,0,NULL),(33,'1984',2015,312,'978-966-2355-57-4','books-img/book-img1771706432613.jpg','Незважаючи на художню вигадку, книга настільки реалістична, що перевертає свідомість, причому так, що хочеться перевернути її назад. Сам письменник стверджував, що «найкращі книги говорять тобі те, що ти вже сам знаєш». І роман-утопія «1984» описує речі, про які ми самі здогадувалися, але у існування яких боялися повірити.\r\n\r\nУ творі представлено суспільство майбутнього, де йде війна усіх проти всіх. Події розгортаються у державі під назвою Океанія. Політичний устрій країни — англійський соціалізм, але по суті це жорстокий тоталітаризм. Головний герой живе у Лондоні і працює у Міністерстві Правди, старанно вилучаючи з документів те, що не відповідає офіційній пропаганді. При цьому він людина, що глибоко відчуває і мислить, а тому ненавидить тоталітарний світоустрій і мріє про революцію.\r\n\r\nОсновний конфлікт простий: особистість проти системи, тяга до любові й свободи проти поневолення та диктату. Але автор нещадний. Зображену ним систему неможливо перемогти, тому що не можна перемогти те, у чого немає ні серця, ні мозку, ні сенсу, ні цілей існування. Як такої немає й ідеології, де можна було б шукати вади: усе знищено укупі зі здоровим ґлуздом. Є лише влада заради влади. А людство надіслано на бійню, де гинуть не стільки тіла, скільки душі, оскільки розум, пам’ять, гуманізм та любов оголошені поза законом.\r\n\r\nУ відгуках про книгу «Тисяча дев’ятсот вісімдесят чотири» читачі називають твір геніальним. Але рекомендують книгу не оптимістам і навіть не песимістам, а цинічним реалістам, готовим до правди, якою б гіркою вона не була.',1,0,NULL),(34,'Відьмак. Останнє бажання. Книга 1',2016,288,'978-617-12-0499-7','books-img/book-img1771706589548.jpg','Біловолосий відьмак Ґеральт із Рівії, один з небагатьох представників колись численного цеху захисників людської раси від породжень нелюдського зла, мандрує невеликими королівствами, які можна охопити поглядом з вежі замку, та великими містами, отримуючи платню за те, чого навчений, - знищення віїв і з\'ядарок, стриґ та віпперів. Але є у відьмака і власний кодекс, у якому вбивство - це лише крайня міра, а життя розумне, чим би воно не було, - це все-таки життя. Саме цим він наживає собі нових ворогів, але й знаходить друзів, які колись змінять його долю.',0,0,NULL),(35,'Відьмак. Роздоріжжя круків',2025,256,'978-617-15-1541-3','books-img/book-img1771706780904.jpg','До того, як стати Блавікенським різником, Ґеральт лише вчився виживати у світі, де чудовиськами так часто виявляються зовсім не ті, на кого заносять меч...\r\n\r\nМолодий відьмак із Рівії щойно став на професійний шлях. Раптове зіткнення з несправедливістю — сутичка з ґвалтівником — обертається для Ґеральта звинуваченням у вбивстві. Від шибениці його рятує досвідчений відьмак Престон Гольт — один із небагатьох, хто пережив різанину в Каер Морені.\r\n\r\nРазом з Гольтом Ґеральт підходить до роздоріжжя на своєму життєвому шляху. Його вчили вбивати монстрів. Але не вчили, що найстрашніші — ті, хто має людську подобу.\r\n\r\nПопереду — перше полювання. Перша зрада. І вибір, за який доведеться заплатити.',0,0,NULL),(36,'Відьмак. Вежа Ластівки. Книга 6',2021,480,'978-617-12-8848-5','books-img/book-img1771706892092.jpg','Диво врятувало від смерті Цірі, коли на її очах гинула банда Щурів, що стали їй вірними друзями. Призначення привело її в болотяні нетрі до пустельника та вигнанця Висоготи, де мудрість Старого Ворона допомогла Ластівці-Цірі знову стати на крило. Тепер вона ступила на свій шлях, повернула магічну силу. Більше вона нікого не втратить і знайде містичну Вежу Ластівки, шлях до спасіння зі світу, що приречений загинути у війнах, зраді й безчесті. Так судилося… Проте відьмак не вірить у пророцтва. Втративши чарівний амулет, він став просто Ґеральтом з Рівії. Він мчить на порятунок Цірі — своєї названої доньки, на яку полюють імператор, королі й чарівники, хапаючись в останніх судомах, як за крихкий лід, за шанс врятуватися ціною Старшої Крові…\r\n\r\nМагія Анджея Сапковського — у його вмінні з ліризмом і сарказмом створити уявний світ, кожен з мешканців якого, кожне місце і кожна подія настільки нагадують нам світ реальний, сучасний, що відірватися від книжок неможливо. Саме тому героїчна сага про відьмака посідає четверте місце за накладами у Польщі, нагороджена преміями імені Януша Зайделя, преміями SFinks, а 2010 року Анджей Сапковський отримав почесну нагороду Європейського співтовариства наукової фантастики EuroCon «Ґранд Майстер».',0,0,NULL),(37,'Відьмак. Хрещення вогнем. Книга 5',2021,384,'978-617-12-8847-8','books-img/book-img1771706970748.jpg','Поки світ магів оговтується після катастрофи на Танедді, а королівства людей та ельфів готуються розпочати нову війну, відьмак Ґеральт, ледве одужавши від ран у Брокілоні, вирушає на порятунок Цірі. Однак де її шукати, якщо Вежа Чайки зруйнована вщент, а у снах про названу дочку відьмак бачить зовсім не те, що переповідають про її долю? Мандруючи в компанії поета Любистка, напівдріади Мільви, нільфгардця Кагіра та п’ятсотлітнього вампіра Реґіса Ґеральт зрозуміє: він не може більше миритися з ріками крові, що проливаються навкруги. Люди і ельфи тепер лютіші за створінь, з якими його навчено битись. Пройти хрещення вогнем і врятувати тільки Цірі відьмаку вже не досить…',0,0,NULL),(38,'Відьмак. Кров ельфів. Книга 3',2021,320,'978-617-12-8350-3','books-img/book-img1771707034129.jpg','Героїчна сага Анджея Сапковського про відьмака Ґеральта посідає четверте місце за накладами у Польщі, нагороджена преміями імені Януша Зайделя, преміями SFinks, а 2010 року автор отримав почесну нагороду Європейського співтовариства наукової фантастики EuroCon «Ґранд Майстер».\r\n\r\nМаленька Цірі — дитя-несподіванка — стала більшою несподіванкою, ніж видавалось спочатку. Жахливі сни про загибель Цінтри руйнують її душу, а чаклунський дар, що народжується, може зруйнувати тіло. Дати йому раду під силу лише могутній чарівниці Йеннефер. Тож Ґеральту не вдається довго переховувати Цірі у Відьмачому Оселищі. Попереду небезпечна подорож, бо для багатьох маленька княжна Цінтри — останній аргумент: для Ради Чародіїв, для чотирьох королів, для зловісних посланців Нільфгарду… І тільки Ґеральт оберігає сіроволосу дівчинку заради неї самої…',0,0,NULL),(39,'Володар Перснів. Частина друга. Дві вежі',2020,576,'978-617-664-208-4','books-img/book-img1771707108762.jpg','Трилогія «Володар перснів» поклала початок жанру епічного фентезі. З моменту своєї першої публікації в п\'ятдесятих роках двадцятого століття і до сьогоднішнього часу, трилогія значитися в списку кращих книг минулого століття та однією з найбільш популярних і продаваних у світі.\r\n\r\nУ другій частині трилогії подорож до Судної Гори триває. Загін, що супроводжував Фродо і Перстень Влади втратив двох учасників і розділився на три групи. Фродо і Сем попливли в човні, поспішаючи якомога швидше і непомітніше потрапити в Мордор, адже результат битви, яка наближається, залежить від того, чи встигнуть вони знищити Перстень Влади. Меррі та Піппін були захоплені в полон ворогами. По їх сліду поспішають на допомогу Арагорн, Гімлі та Леголас, в надії встигнути врятувати друзів.',0,0,NULL),(40,'Володар перснів. Частина третя. Повернення короля',2020,704,'978-617-664-209-1','books-img/book-img1771707153253.jpg','Трилогія «Володар перснів» поклала початок жанру епічного фентезі. З моменту своєї першої публікації в п\'ятдесятих роках двадцятого століття і до сьогоднішнього часу, трилогія значитися в списку кращих книг минулого століття та однією з найбільш популярних і продаваних у світі.\r\n\r\nУ третій частині трилогії хмари густішають над Середзем\'ям ще сильніше, наближається час битви. Гендальф і інші учасники походу збирають прихильників, щоб дати відсіч Мордору і його правителю, в той час як поплічники Темного Володаря збираються в неймовірну за масштабами армію. Тим часом Фродо, Сем і Ґолум продовжують свій складний і небезпечний шлях до Судної Гори, в надрах якої збираються знищити Перстень Влади.',1,1,NULL),(41,'Ведмеже місто',2019,432,'978-617-7820-08-5','books-img/book-img1771707270389.jpg','Новий бестселер Фредріка Бакмана «Ведмеже місто» у перекладі зі шведської Софії Волковецької – це історія про маленьке містечко на півночі Швеції, яке на перший погляд здається досить спокійним, але насправді в ньому вирують пристрасті.\r\n\r\nУ видавництві #книголав це уже четверта книжка Бакмана. Попередні стали бестселерами серед художніх перекладних видань. Новинка «Ведмеже місто» розповідає про багатогранну людську природу. У глухому містечку Бьорнстад колись вирувало життя, а зараз лишилось безробіття та безвихідь. Уся надія міста – юнацький хокейний клуб. На цьому виді спорту у Бьорнстаді зав\'язані долі. День перемоги у матчі став найщасливіший для міста і клубу, але для Маї Еріксон і її батьків – був найжахливішим та змінив усе. Тож жителі міста мають зробити вибір та вирішити, яку ціну вони готові заплатити за перемогу.\r\n\r\n«Те, як подає свої історії Фредрік Бакман – щось неймовірне. Ти переживаєш кожну мить і секунду кожного персонажа. Романи цього автора – зовсім не схожі на інші книжки та сюжети. У «Ведмежому місті» історія розвертається навколо хокею, навіть якщо ви байдужі до цього виду спорту, це не привід оминати роман. Чтиво так захоплює та занурює, що вам однозначно варто спробувати», – розповідає Світлана Павелецька, співзасновниця видавництва #книголав.\r\n\r\nФредрік Бакман — шведський блогер, журналіст і письменник, автор всесвітньо відомих бестселерів «Чоловік на ім\'я Уве», «Моя бабуся просить їй вибачити», «Брітт-Марі була тут», «Ведмеже місто» та інші. Книги Фредріка Бакмана перекладено двадцятьма п\'ятьма мовами світу. Українською їх випускає видавництво #книголав.',0,0,NULL),(42,'Гобіт, або Туди і звідти',2015,384,'978-617-664-082-0','books-img/book-img1771707446388.jpg','Це історія надзвичайної пригоди, яку втнула ватага ґномів, узявшись відшукати загарбане драконом золото. Мимохіть учасником цієї ризикованої виправи став Більбо Торбин, прихильний до комфорту і позбавлений амбіцій гобіт, котрий, на власний подив, виявив неабияку винахідливість і вправність у ролі зломщика. Сутички з тролями, ґоблінами, ґномами, ельфами та гігантськими павуками, бесіда з драконом, Смоґом Величним, і радше мимовільна присутність на Битві П’ятьох Армій — ось лише деякі пригоди, що їх судилося пережити Більбо. Але траплялись і світліші моменти: щира дружба, смачне частування, сміх та пісні.\r\nНаписаний професором Толкіном для власних дітей, «Гобіт» відразу ж по виході у світ зустрів палке схвалення. Ця дивовижна історія, цілком закінчена та вивершена, водночас є преамбулою до «Володаря Перснів».',0,0,NULL),(43,'Колгосп тварин',2015,120,'978-966-2355-60-4','books-img/book-img1771707583256.jpg','У казковій повісті \"Колгосп тварин\" в алегоричній формі розповідається про часи становлення СРСР. Зокрема, тут ідеться про революцію 1917 року, про брехливі обіцянки, що \"земля - селянам, а заводи - робітникам\", розповідається про розкуркулення, примусові переселення, репресії, розстріли і про мільйони замордованих у сталінських концтаборах. От лише замість людей герої цієї повісті - тварини. Але чи так вже вони різняться між собою?',1,0,NULL),(44,'Нові Темні Віки. Книга 1. Колонія',2026,928,'978-617-95267-0-1','books-img/book-img1771707739277.jpg','2141 рік.\r\n\r\nЛюдство на Землі ще не оговталося від хвороби клодис, що призвела до найбільшої за пів століття пандемії, коли з’являється новий патоген, який інфікує винятково вагітних жінок. Група вчених-імунологів намагається з’ясувати, що він таке і чи пов’язана його поява з нейтринними спалахами, зафіксованими довкола планети.\r\n\r\nЧисельність населення марсіанських Колоній перевищує сто тисяч мешканців, і третина з них — народжені на Марсі. Вони програють суперспеціалістам із Землі боротьбу за робочі місця в наукомісткій економіці Марса і змушені гарувати, мов раби, на низькокваліфікованих ручних роботах. Що більше їх сягає повноліття, то дужче вони прагнуть змін, не усвідомлюючи, що ці зміни ставлять під загрозу саме існування Колоній.\r\n\r\n«Колонія» — перша книга з фантастичного циклу «Нові Темні Віки» про світ у ХХІІ столітті. Це історія про те, що людина, попри всі досягнення цивілізації, не змінюється, й ані збільшення тривалості життя, ні навіть перетворення на двопланетний вид не гарантує людству порятунок.',0,0,NULL),(45,'Пам\'ять про минуле Землі. Книга 1. Проблема трьох тіл',2024,401,'978-617-548-257-5','books-img/book-img1771707898539.jpg','Три Сонця, навколо яких обертається планета з позаземною цивілізацією, створюють загрозу її існуванню. Розумні створіння шукають порятунку. І тут поступає сигнал із Землі, надісланий у космос із секретної військової бази. Інопланетяни планують вторгнення, якому частина землян радіє, а інша сприймає як загрозу життю.\r\n\r\nВсі ці події описані після короткого екскурсу в історію «культурної революції» у Китаї, звідки і починається історія однієї із героїнь роману.',0,0,NULL),(46,'Пам’ять про минуле Землі. Книга 2. Темний ліс',2024,704,'978-617-548-258-2','books-img/book-img1771708059403.jpg','Людство спостигла рукотворна криза першого контакту з позаземною цивілізацією, спровокувавши масову зневіру, занепадництво і ескалацію багатьох застарілих конфліктів. Щоб віднайти вихід із глухого кута, доведеться зазирнути вглиб Усесвіту і зрозуміти Істину, а для цього, хай як дивно, зазирнути вглибину себе самих.\r\n\r\nЧи впорається людство з викликами новітнього часу, чи все ж перетвориться на ще одну статистичну одиницю в історії Всесвіту, що триває вже мільярди років?',2,0,NULL),(47,'Пам’ять про минуле Землі. Книга 3. Вічне життя Смерті',2024,816,'978-617-548-259-9','books-img/book-img1771708150272.jpg','Довгоочікуваний фінал трилогії \"Пам\'ять про минуле Землі\" не залишить байдужим нікого. У масштабному, заворожливому полотні заключної частини читач знайде відповіді на споконвічні питання, які турбують кожного з нас: хто ми? звідки? куди прямуємо? Усе на світі скінченне: квантовомеханічні системи мають період напіврозпаду, людське життя не вічне, зорі невпинно еволюціонують, допоки не перетворюються на щось інше. І навіть, здавалося б, споконвічний Усесвіт не уникне обіймів Смерті. Людство, отримавши перемогу в першій сутичці з Трисолярисом, ствердилося у власній значущості й зважилося зазирнути в глибини космосу. Чи виявиться воно готовим до отриманих знань? Чи стане йому сил, мужності й завзяття не відвести погляду від чаруючої картини таємниць Буття?',0,0,NULL);
/*!40000 ALTER TABLE `books` ENABLE KEYS */;

--
-- Table structure for table `migrations`
--

DROP TABLE IF EXISTS `migrations`;
/*!40101 SET @saved_cs_client     = @@character_set_client */;
/*!50503 SET character_set_client = utf8mb4 */;
CREATE TABLE `migrations` (
  `id` int NOT NULL AUTO_INCREMENT,
  `file_name` varchar(255) NOT NULL,
  `migrated_at` timestamp NULL DEFAULT CURRENT_TIMESTAMP,
  PRIMARY KEY (`id`)
) ENGINE=InnoDB AUTO_INCREMENT=4 DEFAULT CHARSET=utf8mb4 COLLATE=utf8mb4_0900_ai_ci;
/*!40101 SET character_set_client = @saved_cs_client */;

--
-- Dumping data for table `migrations`
--

/*!40000 ALTER TABLE `migrations` DISABLE KEYS */;
INSERT INTO `migrations` VALUES (1,'20260102190339_create_books_table.sql','2026-02-21 15:02:38'),(2,'20260102192341_create_authors_table.sql','2026-02-21 15:02:38'),(3,'20260102193901_create_authors_books_table.sql','2026-02-21 15:02:39');
/*!40000 ALTER TABLE `migrations` ENABLE KEYS */;

--
-- Table structure for table `session`
--

DROP TABLE IF EXISTS `session`;
/*!40101 SET @saved_cs_client     = @@character_set_client */;
/*!50503 SET character_set_client = utf8mb4 */;
CREATE TABLE `session` (
  `session_id` varchar(128) CHARACTER SET utf8mb4 COLLATE utf8mb4_bin NOT NULL,
  `expires` int unsigned NOT NULL,
  `data` mediumtext CHARACTER SET utf8mb4 COLLATE utf8mb4_bin,
  PRIMARY KEY (`session_id`)
) ENGINE=InnoDB DEFAULT CHARSET=utf8mb4 COLLATE=utf8mb4_0900_ai_ci;
/*!40101 SET character_set_client = @saved_cs_client */;

--
-- Dumping data for table `session`
--

/*!40000 ALTER TABLE `session` DISABLE KEYS */;
INSERT INTO `session` VALUES ('0VG7hIhaoKUCP1tN2meFP05Sd-o3gxcM',1771802179,'{\"cookie\":{\"originalMaxAge\":86400000,\"expires\":\"2026-02-22T15:03:00.697Z\",\"httpOnly\":true,\"path\":\"/\"},\"admin\":{\"login\":\"admin2810\"}}');
/*!40000 ALTER TABLE `session` ENABLE KEYS */;

--
-- Dumping routines for database 'library'
--
/*!40103 SET TIME_ZONE=@OLD_TIME_ZONE */;

/*!40101 SET SQL_MODE=@OLD_SQL_MODE */;
/*!40014 SET FOREIGN_KEY_CHECKS=@OLD_FOREIGN_KEY_CHECKS */;
/*!40014 SET UNIQUE_CHECKS=@OLD_UNIQUE_CHECKS */;
/*!40101 SET CHARACTER_SET_CLIENT=@OLD_CHARACTER_SET_CLIENT */;
/*!40101 SET CHARACTER_SET_RESULTS=@OLD_CHARACTER_SET_RESULTS */;
/*!40101 SET COLLATION_CONNECTION=@OLD_COLLATION_CONNECTION */;
/*!40111 SET SQL_NOTES=@OLD_SQL_NOTES */;

-- Dump completed on 2026-02-22  2:17:51
